c0,c1,c2,c3
1x1/IMG_0252.jpg        ,1x1/IMG_6396.jpg       ,1x2/IMG_0237.jpg   ,1x1/IMG_3999_1.jpg
1x1/IMG_7833.jpg        ,1x1/German-IMG_0147.jpg,                   ,1x1/IMG_2142.jpg
1x1/mistral jpg baja.jpg,1x1/IMG_2861.jpg       ,2x2/prensa 0862.jpg,
2x2/IMG_8080.jpg        ,                       ,                   ,
                        ,                       ,1x2/95.jpg         ,1x1/alan_1_a.jpg
1x2/IMG_9235.jpg        ,1x1/IMG_8648.jpg       ,                   ,1x2/10_a.jpg
                        ,2x2/IMG_0050-b.jpg     ,                   ,
1x1/IMG_7152.jpg        ,                       ,                   ,1x1/IMG_9608.jpg
1x1/108_a.jpg           ,1x2/nahue (2)_BN_a.jpg ,1x1/prune ZEUS 01 b.jpg,1x1/IMG_8238.jpg
1x1/IMG_2916.jpg        ,                       ,1x2/IMG_1947.jpg    ,1x1/IMG_7676.jpg
2x2/3 mistral.jpg       ,                       ,                   ,1x2/mari_a.jpg
                        ,                       ,1x1/IMG_1384.jpg   ,                 
1x1/IMG_3238.jpg        ,1x2/IMG_2167.jpg       ,2x2/IMG_0279.jpg   ,                     
1x1/IMG_6414.jpg        ,                       ,                   ,                      
